train_loss,val_loss,train_dice,val_dice,train_jaccard,val_jaccard
1.673496366140261,1.6542858551530275,0.027273623,0.021998418,0.013886706,0.011183324
1.6270145154117945,1.6116706132888794,0.03951225429773331,0.06304550170898438,0.020286716520786285,0.03337666392326355
